filename,label
audio_128.wav,3.13
audio_156.wav,4.13
audio_19.wav,4.54
audio_108.wav,1.87
audio_206.wav,2.16
audio_161.wav,2.92
audio_215.wav,2.82
audio_213.wav,1.7
audio_11.wav,3.3
audio_155.wav,3.61
audio_39.wav,3.08
audio_168.wav,3.26
audio_133.wav,2.17
audio_28.wav,2.34
audio_40.wav,3.27
audio_181.wav,2.41
audio_201.wav,2.47
audio_182.wav,2.65
audio_126.wav,2.56
audio_10.wav,2.38
audio_134.wav,2.19
audio_69.wav,4.76
audio_112.wav,3.57
audio_180.wav,2.15
audio_177.wav,2.57
audio_77.wav,5.0
audio_111.wav,3.51
audio_18.wav,3.58
audio_175.wav,4.2
audio_33.wav,3.18
audio_15.wav,2.53
audio_4.wav,3.63
audio_27.wav,2.75
audio_96.wav,2.63
audio_116.wav,2.75
audio_1.wav,2.29
audio_22.wav,3.62
audio_114.wav,2.31
audio_146.wav,2.88
audio_46.wav,4.9
audio_144.wav,3.48
audio_75.wav,4.93
audio_200.wav,3.44
audio_196.wav,2.08
audio_190.wav,3.52
audio_158.wav,2.5
audio_17.wav,2.34
audio_105.wav,4.32
audio_141.wav,3.34
audio_129.wav,3.87
audio_6.wav,3.37
audio_70.wav,4.97
audio_35.wav,3.98
audio_203.wav,3.45
audio_90.wav,3.31
audio_16.wav,3.23
audio_138.wav,4.31
audio_100.wav,2.8
audio_115.wav,2.11
audio_118.wav,4.19
audio_137.wav,3.54
audio_101.wav,3.56
audio_193.wav,1.95
audio_102.wav,3.8
audio_52.wav,3.0
audio_172.wav,2.97
audio_191.wav,3.03
audio_194.wav,2.49
audio_67.wav,3.29
audio_160.wav,2.69
audio_179.wav,2.02
audio_55.wav,2.69
audio_145.wav,3.57
audio_197.wav,3.06
audio_139.wav,3.01
audio_91.wav,3.91
audio_8.wav,1.84
audio_136.wav,3.81
audio_199.wav,2.61
audio_110.wav,4.33
audio_208.wav,2.78
audio_152.wav,4.36
audio_94.wav,3.06
audio_174.wav,3.36
audio_23.wav,4.22
audio_56.wav,2.75
audio_97.wav,2.92
audio_148.wav,3.72
audio_59.wav,2.92
audio_5.wav,2.83
audio_119.wav,4.0
audio_80.wav,3.42
audio_58.wav,2.86
audio_123.wav,3.58
audio_188.wav,3.08
audio_121.wav,2.05
audio_107.wav,2.0
audio_214.wav,3.12
audio_73.wav,4.94
audio_169.wav,3.53
audio_7.wav,2.66
audio_42.wav,3.25
audio_88.wav,4.6
audio_64.wav,2.45
audio_195.wav,2.61
audio_57.wav,2.84
audio_13.wav,2.72
audio_125.wav,3.26
audio_209.wav,3.15
audio_211.wav,3.14
audio_63.wav,2.55
audio_86.wav,4.93
audio_78.wav,4.97
audio_38.wav,3.65
audio_186.wav,2.05
audio_154.wav,3.11
audio_21.wav,2.45
audio_120.wav,2.52
audio_183.wav,2.75
audio_25.wav,2.95
audio_122.wav,2.47
audio_36.wav,3.72
audio_76.wav,4.97
audio_163.wav,2.0
audio_83.wav,4.78
audio_103.wav,2.31
audio_93.wav,3.86
audio_26.wav,3.19
audio_72.wav,5.0
audio_210.wav,3.07
audio_104.wav,1.85
audio_81.wav,3.6
audio_166.wav,3.04
audio_202.wav,2.54
audio_185.wav,2.34
audio_9.wav,1.6
audio_207.wav,1.84
audio_127.wav,2.79
audio_12.wav,2.88
audio_132.wav,2.92
audio_109.wav,2.38
audio_32.wav,3.19
audio_178.wav,3.97
audio_61.wav,2.56
audio_34.wav,3.62
audio_106.wav,1.58
audio_49.wav,4.9
audio_149.wav,3.5
audio_30.wav,4.01
audio_131.wav,2.64
audio_162.wav,1.81
audio_204.wav,3.5
audio_198.wav,2.98
audio_135.wav,3.8
audio_187.wav,2.62
audio_3.wav,3.3
audio_98.wav,3.33
audio_159.wav,3.39
audio_167.wav,2.44
audio_205.wav,2.5
audio_95.wav,3.02
audio_68.wav,4.62
audio_31.wav,4.35
audio_157.wav,2.53
audio_89.wav,4.61
audio_82.wav,4.88
audio_53.wav,3.03
audio_37.wav,4.06
audio_113.wav,2.16
audio_85.wav,4.84
audio_173.wav,4.14
audio_41.wav,4.79
audio_51.wav,2.55
audio_143.wav,3.61
audio_92.wav,3.56
audio_74.wav,4.93
audio_0.wav,3.42
audio_147.wav,3.52
audio_130.wav,2.38
audio_192.wav,2.91
audio_43.wav,4.99
audio_65.wav,2.41
audio_14.wav,3.66
audio_117.wav,3.33
audio_212.wav,2.08
audio_79.wav,4.03
audio_171.wav,3.06
audio_60.wav,2.75
audio_153.wav,3.33
audio_176.wav,2.82
audio_2.wav,3.59
audio_50.wav,4.76
audio_29.wav,3.4
audio_142.wav,4.05
audio_47.wav,3.38
audio_84.wav,4.63
audio_164.wav,2.5
audio_48.wav,4.71
audio_189.wav,2.3
audio_151.wav,3.3
audio_66.wav,2.46
audio_44.wav,3.03
audio_150.wav,3.59
audio_87.wav,4.77
audio_99.wav,3.17
audio_62.wav,3.32
audio_20.wav,2.1
audio_124.wav,3.31
audio_54.wav,2.77
audio_45.wav,4.87
audio_71.wav,4.91
audio_184.wav,2.66
audio_24.wav,2.34
audio_140.wav,3.42
audio_165.wav,2.98
audio_170.wav,2.53
